name,gender,age
Waly Seyler,Female,23
Myrna O' Mara,Female,28
Alasteir Headon,Male,35
,,29
Beryle McGuiney,Female,19
,,17
Goldy Mays,Female,21
Marcos Jedrachowicz,Male,21
Hettie Pennone,Female,15
Ferdy Paulou,Male,25
Raff Leaves,Male,34
Salaidh Giraudo,Female,18
,,31
Alena Vater,Female,24
Humphrey Pleavin,Male,19
Philis Koeppe,Female,34
Giovanni Denslow,Male,24
Lilah Yersin,Female,34
Poppy Danielsson,Female,27
Ario Torricina,Male,35
Darill Hing,Male,25
Britni Crotty,Female,21
Barr Tolson,Male,35
Estevan Yakebowitch,Male,23
Judie Greenmon,Female,26
Gibb Fallis,Male,34
Benedick Hanton,Male,17
Durward Callow,Male,32
Davida Inglesent,Female,32
,,22
Benji Arber,Male,23
Wallis Alker,Female,27
Bird Novelli,Female,19
Garnette Pregel,Female,20
Mord Ortells,Male,15
Brana Lindley,Female,32
Pavlov Gwinnell,Male,17
Tarrah Roussell,Female,34
Betti Lafrentz,Female,26
Holly Petrasek,Male,23
Jacky Hansell,Male,19
Sonny Wogden,Male,26
Georgina MacPherson,Female,30
Lynne Brumbie,Female,19
Modestia Butfield,Female,33
Jacenta Wray,Female,35
Elisabetta Mercer,Female,15
Tabby Scamp,Male,22
Agata Jaycock,Female,31
Neille Marciskewski,Female,28
Elie Mayho,Female,18
Shawn Eddowis,Male,25
Liane Dilger,Female,32
Byrom Blenkin,Male,28
Boy Robjohns,Male,32
,,17
Marv Slowan,Male,21
Sydney Darcy,Female,25
Idette Eyckelbeck,Female,31
Kit Dearnley,Female,29
Branden Burger,Male,30
Cornall Perel,Male,24
Dionysus Raulstone,Male,31
Cherri Ayers,Female,20
Leigh Wike,Male,33
Eric Lund,Male,25
Tricia Ceschini,Female,18
Marti Jepp,Female,28
Erroll Boken,Male,29
Carroll Flaune,Male,34
Katheryn Barnaclough,Female,31
Lacy Boggis,Female,22
Sibbie Woliter,Female,33
Arte Fowls,Male,29
Zonda Fishlee,Female,22
Marybeth Teaser,Female,35
Nevile Heart,Male,34
Gelya Sloley,Female,35
Hasty Rengger,Male,35
Franky Pechet,Female,25
Bevin Tudhope,Male,26
Daisie Seawright,Female,23
Sampson Shayes,Male,17
Becki La Grange,Female,26
Lenette Barnett,Female,23
Elvin Maclaine,Male,17
Jeanna MacFie,Female,31
Zelma Baike,Female,25
,,28
,,26
Sammy Mitcheson,Male,26
Pete Leadston,Male,22
Richy Malek,Male,24
Ruthann Larmett,Female,20
Georges Hoovart,Male,24
,,25
Glenda Klas,Female,15
Lucinda Barock,Female,23
Jone Cotterrill,Male,27
Timmie Greenhead,Female,28
Dona Cassell,Female,27
Meredith Plumer,Female,25
Lotta Rosling,Female,25
Roscoe Dunkerley,Male,32
Fernande Carbry,Female,26
Flin Bonney,Male,31
Cassaundra Virgin,Female,31
Shara Caunce,Female,31
Barb Dumigan,Female,16
Barn Ferrea,Male,30
Halimeda Clears,Female,18
Rolf Danels,Male,15
Sandie Vesque,Female,26
Melania Shalders,Female,29
Gusella Reims,Female,29
Daryle Peedell,Male,30
Farra Meatcher,Female,35
Renard MacNeil,Male,26
Tome Leopard,Male,20
Isidora Kershaw,Female,18
Carlin Gee,Male,30
,,26
Jayme Hallatt,Male,18
Gerome Darkott,Male,18
Marybelle Bail,Female,33
Dorene Curedale,Female,31
Gale Arsnell,Male,21
Kimble Wogden,Male,19
Binky Lowseley,Male,23
Abey Farquar,Male,23
Randal Balderston,Male,27
Vassily Lambkin,Male,27
Allayne Arber,Male,25
Winnie Provest,Male,20
Ric Shenfisch,Male,25
Edy Hanscomb,Female,25
Tressa Otterwell,Female,32
Linn Robley,Female,33
,,22
De Jacobovitz,Female,22
Papageno Arzu,Male,20
,,22
Ira Jarmaine,Male,34
Bay Burgise,Male,16
Carlee Wyrall,Female,16
Godfree Grinikhinov,Male,26
Findley Grove,Male,21
Tedi Bowbrick,Female,25
Lothaire Haslock,Male,26
Bradford Fishley,Male,30
Johny Lamps,Male,34
,,33
Emilia Simpkin,Female,22
Issy Roke,Female,29
Haslett Kenderdine,Male,23
Bret Coffey,Male,31
Oates Childerhouse,Male,26
,,18
Felicdad Chiverton,Female,35
Aland Skone,Male,33
Rona Sugg,Female,29
Manon Dahlborg,Female,27
Tristam Albasini,Male,31
Leila Gress,Female,34
Noll Pixton,Male,22
Dinny Labarre,Female,22
Wait Brettell,Male,20
Dimitri Dunbavin,Male,35
Rosemonde Underdown,Female,23
Angelica Papes,Female,16
Fields Beckitt,Male,34
Kelsy Pudge,Female,29
Bartlet Spadeck,Male,19
Jasen Montel,Male,19
Baldwin Dimblebee,Male,20
Dasya Hadleigh,Female,28
Storm MacAvaddy,Female,16
Dilan Swaisland,Male,15
Cody Tindle,Male,28
Trixy Frampton,Female,26
Cletis Branford,Male,31
Pepillo McCuish,Male,29
Land Sisley,Male,34
Pryce Chretien,Male,33
Errick Torrance,Male,28
Miquela O'Kielt,Female,34
Cordie Morison,Female,21
Frederica Deere,Female,34
Roldan Vearncomb,Male,20
Betta Gumery,Female,20
Janelle Finnick,Female,26
Morena Floweth,Female,31
Dukey Francescoccio,Male,15
Alexis McAnalley,Male,24
Gerhardt O'Concannon,Male,17
Mirabel Knights,Female,25
Jaime Yakubovics,Female,33
Teodoro Origan,Male,18
Winnie McGrayle,Male,18
Nataline Copyn,Female,26
Ilsa Crump,Female,21
Simeon Ricards,Male,30
Reinhard Woodington,Male,23
Ellyn Bilam,Female,22
Ody Stoite,Male,20
Caldwell Bayless,Male,16
Caresse Searchwell,Female,22
Renado Arnal,Male,34
Curr Schohier,Male,22
,,22
Krystalle Gullane,Female,24
Claudianus Poulden,Male,21
Arther Varley,Male,17
Angie Izacenko,Male,18
Cayla Skirling,Female,23
Zack Chazette,Male,35
Conny Wilcinskis,Female,19
Aeriela Boliver,Female,35
Gelya Alejandro,Female,32
Ladonna MacGilmartin,Female,29
Nil Dukelow,Male,33
Padget Wudeland,Male,26
Joshia Lemary,Male,35
Leighton Stroder,Male,24
Sig Collingham,Male,28
Sammie Volage,Male,15
,,22
Ellette Thorwarth,Female,26
Guido Buggs,Male,25
Sonnie Pummery,Female,29
Maighdiln Drinkel,Female,16
Justus Richley,Male,23
Julius Robecon,Male,32
Salaidh Lambrechts,Female,24
Saloma Petrelluzzi,Female,25
Ikey Luchetti,Male,31
Padgett Beall,Male,17
Michail Simmell,Male,21
Selinda Grieve,Female,26
Sam Ledbetter,Female,32
Mack Knights,Male,27
Crysta Bettam,Female,16
Sissie Poyzer,Female,25
Heindrick McGowran,Male,26
Carry Robillart,Female,22
Christie Sherwen,Female,19
,,27
,,32
Wilmar Duddle,Male,17
Francisca Vynoll,Female,34
Parsifal Curm,Male,17
Mayne Slipper,Male,16
Vevay McNerlin,Female,24
Cherilyn Hirjak,Female,17
Theresa Tompkin,Female,34
Ellsworth Goldsack,Male,35
Monty Ruoff,Male,28
Donia Jacquemot,Female,33
Clementina Strachan,Female,18
Elwin Saundercock,Male,26
,,15
,,17
,,31
Lucias Krollman,Male,26
Reginald Aspland,Male,29
Beaufort Cresswell,Male,28
Jervis Flaunders,Male,16
Adam Mellows,Male,34
Deane Mosedale,Male,35
,,34
,,30
Cello Doxey,Male,16
Gerick Muldoon,Male,24
Stephannie Bodham,Female,15
Aurlie Ruos,Female,18
Pammie Bossel,Female,34
Maggi Kincla,Female,31
Quill Lynas,Male,29
Tan Dubois,Male,28
Rosamund Kiebes,Female,20
Daryl Ganny,Male,34
Adelice Geraudel,Female,23
Ruthanne Tollow,Female,34
Kylen Creber,Female,32
Catriona Chiverton,Female,25
,,18
Thorstein Downes,Male,27
Alica Jeafferson,Female,22
Clayson Hauck,Male,33
Granny Hurley,Male,17
My Freer,Male,25
Gael Braunter,Female,17
Nessy Anthon,Female,34
Aldin Showell,Male,18
Adolphe Kohter,Male,28
Dolph Belbin,Male,30
Bradney Sheriff,Male,33
Talbot Villaret,Male,32
Sully Jurries,Male,24
Dominic Carne,Male,20
Frederick Birdsall,Male,22
Aldwin Bentzen,Male,23
,,34
Avery Rentelll,Male,23
Celestine Bonsale,Female,32
Linus Murtell,Male,28
Gar Humm,Male,15
Yancey Dosdell,Male,22
Cordie Pentycost,Female,17
Mariele O'Cahsedy,Female,28
,,16
Marcelo Middler,Male,20
Jody Christiensen,Male,24
Sheila-kathryn Treuge,Female,28
Hortense Darkott,Female,17
Valerie Osgood,Female,24
Cherilynn Purser,Female,31
Robers Hurche,Male,27
Malissa Benwell,Female,20
Ferrel Kleinfeld,Male,27
Shurlocke Minkin,Male,35
Clement Bonefant,Male,30
Cherrita Stallworthy,Female,34
Sioux Iuorio,Female,26
Salomo Peltz,Male,34
Vitoria Hopkyns,Female,15
Fiann Cherrington,Female,19
Val Beadel,Female,25
Johnath Casley,Female,17
Georgia Snyder,Female,20
Shaughn Carpe,Male,22
Joshua Lugard,Male,34
Iosep Hazeldine,Male,26
Perrine Kemell,Female,28
Bernete Shallo,Female,30
Gabie Biasotti,Male,25
Melodie Greaves,Female,30
Blythe Courtese,Female,19
Kinnie Ebhardt,Male,35
Gherardo Rennels,Male,30
,,29
Reeba Klageman,Female,32
Amby Dalyiel,Male,29
Trula Harrowing,Female,21
Malissia Yendall,Female,22
Shena Bendson,Female,27
Amalee Coneron,Female,22
Glenden Boulton,Male,16
Stillman Moohan,Male,15
Chrisy Koop,Male,18
Virgina Munden,Female,29
Emmeline Emerine,Female,34
Rance Shrawley,Male,25
Alastair Anfrey,Male,22
Gardiner Caswill,Male,28
Curt Jurca,Male,34
Bucky Ruddiforth,Male,17
Codi Blackledge,Male,17
Fonsie Jeff,Male,16
Rozanna Harp,Female,19
Kelby McNelly,Male,24
Josh Kick,Male,31
Tomaso Stonelake,Male,34
Selina Gartside,Female,35
Annie Mucci,Female,18
Karel Altham,Male,23
Riva Antoniak,Female,17
Mariya Leavesley,Female,23
Albert Brundall,Male,19
Kynthia Millican,Female,17
Shea Hubbocks,Female,27
Wye Abbatucci,Male,33
Barris Bane,Male,25
Allie Chivrall,Female,21
Judy Rountree,Female,32
Jacquetta Lally,Female,32
Johann Farans,Male,25
Caryl Tuffrey,Female,20
Krystal Carroll,Female,18
Drusy Handsheart,Female,22
Reidar Levi,Male,32
Carmel Courteney,Female,26
Rosa McAughtrie,Female,35
Haze Bernardotti,Male,26
Bart Dunthorn,Male,16
My Mitchelson,Male,25
Vite Barrett,Male,24
Emmerich Farfull,Male,29
Rustin Hesey,Male,24
Corbett McDuffy,Male,23
Rodger Sawtell,Male,18
Stu Brende,Male,26
Lyndsie Emnoney,Female,31
Worden Hazael,Male,31
Holmes Keelan,Male,32
Trevar Coultass,Male,29
Nathaniel Swainsbury,Male,26
Dunn Bowman,Male,22
Arlena Bubear,Female,35
Merrill Bowie,Male,35
,,35
Jamaal Breeder,Male,33
Avivah Abethell,Female,31
Wes Sherwen,Male,18
Bret Threlkeld,Male,17
Dynah Dymond,Female,26
Wilden Snartt,Male,20
Ferd Antonetti,Male,31
Caren Tungate,Female,25
Marcus Hildrew,Male,28
Biron Duncklee,Male,15
Delano Sausman,Male,31
Anni McKew,Female,33
Carlee Blenkinsop,Female,24
Gawain Rupprecht,Male,16
Janey Ginley,Female,23
Louella Gilliam,Female,27
Glennis Essex,Female,35
Bobette Paulisch,Female,29
Lilli Gadeaux,Female,31
Pepita Fleote,Female,30
Abner Ambler,Male,20
,,24
Gail Loynes,Male,32
Annabell Jubert,Female,26
Nadine Berrill,Female,22
Berta Pritchard,Female,15
Inger Hast,Female,29
Melissa McGarrahan,Female,25
Conny Whitcher,Male,25
Jereme Scaife,Male,29
Barclay Cakes,Male,22
Ilise Mawman,Female,31
Jamie Rosendall,Female,20
Reina Prattington,Female,29
Salomone Kenningham,Male,31
Giustino Du Plantier,Male,21
Phil Greenhaugh,Male,30
Emelda Kubatsch,Female,21
Sven Mouth,Male,31
Lorettalorna Lillyman,Female,20
Ddene Emmitt,Female,28
Georgi Ryall,Male,28
Vittoria Norcott,Female,26
Ariel Bourgaize,Female,32
Lita Verick,Female,35
Eden Halhead,Female,32
Ruby Pesek,Male,18
,,30
Adrea Housen,Female,23
Manuel Rubinowitch,Male,27
Viviana Noddle,Female,18
Margy Goodspeed,Female,33
Ardelia Lorenzini,Female,35
Audie Stockbridge,Female,26
Tremain McBlain,Male,23
Doris Pechard,Female,17
Danya Bampford,Male,21
Karyn Kerbey,Female,20
Xymenes Delgardillo,Male,35
Timmie O'Cridigan,Female,22
Ingelbert Krystek,Male,18
,,18
Jesse Juzek,Male,18
Hermione Vescovo,Female,23
Elsbeth Figgures,Female,25
Louis Aleksankin,Male,25
Catlaina Gullberg,Female,25
,,26
Ignaz Brecon,Male,35
Boyce MacTrusty,Male,31
Ty Antill,Male,34
Marchelle Assender,Female,15
,,33
Roscoe Muschette,Male,32
Francesco Gaven,Male,24
Merrill Winman,Female,29
Jillayne Van Halle,Female,33
Amii Wrathmall,Female,26
Christy Learmount,Male,21
Sydney MacAskie,Male,27
Joeann Littledike,Female,35
Lea Adrain,Female,35
Barclay Norcliff,Male,32
Marena McCleod,Female,16
Jeddy Geyton,Male,33
,,22
,,30
Arron Cabane,Male,29
Lezley Plampeyn,Male,18
Ringo Bembridge,Male,21
Myrtia Decort,Female,35
Jimmy Pickerell,Male,26
Kahaleel Giblin,Male,20
Keelia Somes,Female,32
Hurleigh Sweedland,Male,18
Wade Hector,Male,30
Warden Farrell,Male,22
Franky Ryce,Male,25
Lydie Marle,Female,26
Misty Feron,Female,27
Bobette Rosie,Female,31
Morena Laws,Female,20
Winslow McNellis,Male,31
Donielle Dunstone,Female,31
Lisetta Tire,Female,19
Briney Huxstep,Female,33
Thomasina State,Female,26
Cirilo Jaques,Male,18
Gabriele Wybrow,Male,33
Betsy McGarvey,Female,27
Nikolaos Marchant,Male,20
Pablo Dumpleton,Male,19
Nollie Duncan,Female,20
Mag Child,Female,33
Roma Vasilov,Male,27
Bonnee Dayce,Female,30
Brett Jeays,Female,27
Amalie Matevushev,Female,18
,,16
,,26
Delaney Pople,Male,26
Armin Fellgett,Male,35
Earlie Harwood,Male,23
Sheffie Gilders,Male,25
Maximilianus Pantridge,Male,19
Janina Bestall,Female,35
Maible Leivesley,Female,29
Jaquith Tennock,Female,35
Justin Sirette,Male,18
Elisabeth Hayth,Female,31
Jamie Batchelour,Male,17
Madel Jakoubec,Female,17
Cole Langfitt,Male,16
Raymond Cummine,Male,35
Allyn Barthram,Female,21
Fayina Sallnow,Female,30
Kin Raccio,Male,19
,,21
Marcos Baise,Male,19
Florance Binestead,Female,29
Kacey Keher,Female,15
,,15
Lyn Gosnell,Female,34
Ardenia Arlet,Female,22
Jade Cubbit,Female,26
Thalia Filipputti,Female,32
Blanch Crassweller,Female,21
Shell Akred,Female,31
Delia Saiz,Female,22
Cati Chason,Female,31
Hertha Ivanikhin,Female,16
Luciana Pigeon,Female,21
Anne Stichall,Female,26
Terrill Heistermann,Male,19
Carissa Najafian,Female,25
Calvin Grewar,Male,19
Alfy Talboy,Female,26
Addia Goldson,Female,17
Eileen Maciejewski,Female,18
Theadora Whiteman,Female,25
Jasmina Sobieski,Female,28
Maddi Raecroft,Female,30
Kristyn Woolatt,Female,21
Cchaddie Climance,Male,22
Kris Crust,Female,32
Carl Wroath,Male,26
Gwenni Hairesnape,Female,30
Ashlie Gerdes,Female,32
Kissee Elvin,Female,27
Conney Sambedge,Male,23
Charmaine Connue,Female,19
Ring Montacute,Male,22
,,18
Orsa Fleote,Female,19
,,19
Nadia Kynastone,Female,28
Stearn Pawson,Male,25
Juline Lyddon,Female,21
Dominique Derdes,Male,28
Frannie Dowey,Female,31
Marga Parzizek,Female,18
Taite Duggon,Male,21
Margarete Grubbe,Female,24
,,20
Lizbeth Mechem,Female,33
Caril Langelaan,Female,17
Lee Ciccotto,Male,26
Ingeberg MacGinlay,Female,18
Rosy Keelinge,Female,24
Eb Delia,Male,22
Quentin MacCarroll,Male,26
Ely Ronnay,Male,27
Lorens Lafaye,Male,27
Briny Tall,Female,27
Lidia Perkis,Female,30
Devin Lambertazzi,Male,15
Pamelina Ilive,Female,15
Drake Niccols,Male,18
Astrid Chedgey,Female,21
Lilli Broek,Female,16
Butch Sikora,Male,29
Amabel Doog,Female,34
Izzy Mansuer,Male,16
Hiram Challes,Male,35
Alfie Filipov,Female,20
Desiree Yearnes,Female,31
Adolphe Petrecz,Male,15
Adolf Ireson,Male,20
Griffy Androlli,Male,29
Mechelle Critchell,Female,18
Lucais Casterton,Male,29
Mallissa Hyne,Female,33
Zacherie Espadate,Male,15
,,34
Boycey Clipston,Male,21
Marthena Pauletto,Female,24
Kissiah Pyner,Female,33
Johnna Donohue,Female,15
Inez Sibyllina,Female,21
Arri Calvey,Male,30
Jeremie Juares,Male,23
Gwenette Munnion,Female,33
Geordie MacKenney,Male,26
Felicle Deane,Female,20
Olympe Etteridge,Female,16
Terrell Heaney,Male,16
Julianne Navan,Female,31
Noam Duce,Male,31
Niccolo Mintrim,Male,29
Gisela Camis,Female,29
Graig Leirmonth,Male,17
Eveleen Chopy,Female,15
Elisha Vanyukov,Male,19
,,34
Emera Sanpher,Female,26
Virgilio Outlaw,Male,17
Shirline Vautin,Female,18
Aloisia Speenden,Female,34
Ulric Colenutt,Male,33
Zack Jowett,Male,21
Urban Glusby,Male,26
Mart Venmore,Male,32
Adamo Krollmann,Male,23
Hartley Bretherton,Male,32
Terrence Blunsden,Male,15
Dot Epple,Female,21
Gretna Lafranconi,Female,26
Shaylah Grishagin,Female,21
Lissa Crowdson,Female,31
Darci Flowith,Female,19
Carlos Strang,Male,24
Rafa Harbinson,Female,34
Enrica Loudon,Female,33
Abelard Mooreed,Male,25
Alwin Hulcoop,Male,17
Bryn Jarrel,Male,22
Millard Saddington,Male,30
Tannie Doran,Male,27
Cornie Boulstridge,Female,22
Corby Winkworth,Male,28
Woodman Dreghorn,Male,25
Mycah Nyland,Male,27
Leia Avon,Female,23
Max Walework,Male,28
Wainwright Jansey,Male,18
Humphrey Warrillow,Male,18
Pascal Tydd,Male,18
,,19
Erik Cammomile,Male,35
Karmen Blewis,Female,15
Jedd Harriagn,Male,31
Stanly Lifton,Male,31
Jackquelin Poundford,Female,15
Ike Tremberth,Male,33
Anthiathia Kalkofer,Female,30
Gibb Lugton,Male,30
Leoline Treker,Female,34
Terrie Vannoni,Female,30
Dorey Mapledoore,Male,32
Gabriellia Apfler,Female,24
Alina Culligan,Female,29
,,30
Vince Bumpas,Male,30
Sue Jonathon,Female,22
Patsy Romanetti,Female,34
Jeannie Schoular,Female,28
Margalo Camelin,Female,18
Kerstin Hexter,Female,30
Manya Wainscoat,Female,33
Padraic Mattei,Male,21
Edgard Tournie,Male,17
Dino Bagnal,Male,18
Gerta Powles,Female,31
Rochester Mundee,Male,25
Orin Mountjoy,Male,33
Reyna Henriquet,Female,34
Gilbert Plaschke,Male,19
Daryl Bruhke,Female,28
Friederike Mitham,Female,33
Joelly Sirkett,Female,33
Sarge Ferrieri,Male,29
Aeriel Rubert,Female,29
Cleopatra Knowling,Female,27
Kelby Bellow,Male,27
Robinette Speere,Female,26
Odille Coots,Female,16
Lonnie Impy,Male,35
Linzy Father,Female,26
Maribeth Hacaud,Female,35
Avrit Chrispin,Female,16
Merrick Goodered,Male,26
Jillane Betty,Female,19
Auberon Fardo,Male,32
Stevie Etock,Male,29
Roselle Brouwer,Female,35
Alverta Pea,Female,24
Nicolis Escolme,Male,29
Winn Barnbrook,Male,27
Rivy Championnet,Female,25
Coralyn Dwerryhouse,Female,29
Elbert Gilchriest,Male,16
Germaine Butlin,Male,26
,,26
Shellie Geke,Female,19
Pris Tuxsell,Female,19
Gloria Woolacott,Female,19
Ingunna Tincey,Female,26
Ellis Otson,Male,29
,,21
Jakob Americi,Male,18
Gloria Chopin,Female,24
Abigael Lethardy,Female,21
Louisa Killingworth,Female,28
Guillemette Garms,Female,16
Alexandr Giacomucci,Male,29
Craggy Killingback,Male,16
Reinhold McCallister,Male,34
Hendrika Cornier,Female,29
Alexandrina Oldis,Female,28
Ansel Ellph,Male,27
Mattheus Chazette,Male,28
Alane Fripps,Female,17
Weidar Haggeth,Male,20
,,18
Erda Dronsfield,Female,35
Freddi Barrus,Female,28
Sabrina Hobbema,Female,24
Sarina Broxap,Female,17
,,22
Gaylor Denizet,Male,31
Rusty Bresner,Male,19
Norris Thursfield,Male,24
Roy Dewdeny,Male,21
Jermayne McQuaide,Male,19
Durward Akhurst,Male,16
Catharina Lejeune,Female,33
Stefan Brine,Male,30
Jaquelin Smy,Female,21
Eloise Craighill,Female,23
Peadar Kort,Male,33
Normy Greggersen,Male,24
Inge Longworthy,Female,20
,,33
Blisse Lindenblatt,Female,20
Tammi Vallentin,Female,15
Mickie Bispham,Female,21
Trixie MacAulay,Female,26
Sanderson Gerrelts,Male,18
Charita Kirgan,Female,25
Guinevere Adamo,Female,23
Martie De Pero,Female,23
Anna Easthope,Female,29
Ole Staines,Male,18
Dunstan Defond,Male,15
Gabriel Reuven,Female,22
,,33
Alana Welbelove,Female,33
Lib Heinritz,Female,34
Minnie Stiegars,Female,27
Zelma Pavey,Female,33
Matty Christaeas,Male,26
Raddy Hanvey,Male,32
Tessie Pina,Female,24
Pauly Sheeran,Male,15
Becky Schwieso,Female,32
Celisse Le Barre,Female,16
Gage Barnshaw,Male,32
Rosella MacKeague,Female,20
Caleb Louden,Male,26
Keelby Humphrys,Male,21
Susi McGiff,Female,20
Friederike Spaughton,Female,31
Dorella Strothers,Female,25
Maria Tryhorn,Female,19
,,33
Baudoin Lucas,Male,35
Berri Leifer,Female,31
Car Shea,Male,21
Isabeau Ogger,Female,25
Ilyssa Dykas,Female,34
Aldric Tolfrey,Male,22
Alexia Brokenshire,Female,32
Maryl Cowdry,Female,35
Virgil Sheers,Male,28
Eileen Di Baudi,Female,25
,,15
Meriel Pepis,Female,27
Steward Patters,Male,25
Rupert Biasio,Male,23
Ethelin Ziems,Female,27
Bar Selwood,Male,29
Michel Killough,Male,20
Darla Eddis,Female,23
Elspeth Skarin,Female,26
Leigh Staresmeare,Male,28
,,32
Issie Illing,Female,32
Toinette Stonhard,Female,32
,,26
,,27
Friedrich Leatherbarrow,Male,30
Ange Riggert,Male,20
Karalynn Thorburn,Female,24
Patrizius Sunshine,Male,22
Flint Pottinger,Male,30
Johann Schade,Male,22
Freemon Behneke,Male,33
Alexei Vince,Male,28
Hedvig Bowhey,Female,32
Daron Entres,Male,27
Gaby Brumham,Male,35
Alena Ventham,Female,33
Libby Feaveer,Female,29
Padraig Papa,Male,18
Ruby Moral,Female,34
Magdalene Winborn,Female,26
Arlen Waterstone,Male,34
Ines Edgerly,Female,17
Letitia Lack,Female,22
Tania McWhirter,Female,32
Gwynne Boulde,Female,34
Angelico Sill,Male,18
Ermentrude Mayler,Female,33
Ryon Asbury,Male,31
Logan Rudkin,Male,25
Ferris Matushenko,Male,26
Don Lazonby,Male,32
Britni Brezlaw,Female,32
Ellwood Jeacock,Male,18
Tanitansy Danilenko,Female,18
Tally Whinney,Female,22
Thebault Cawsby,Male,27
Terri-jo Soames,Female,26
Suzanna Fannon,Female,16
Honor Smerdon,Female,17
Asa Flucker,Male,33
Kay Mathew,Female,26
Rudy Rowbotham,Male,24
Silvan Yukhtin,Male,34
Myrilla Seery,Female,15
Sidonnie Struis,Female,30
Addie Iacopo,Male,30
Jesse Curtois,Female,17
Susanne Blum,Female,32
Alida Schrieves,Female,30
Sonya Bensley,Female,17
Corabel Durrant,Female,26
Justin Santo,Male,20
Deane Brabham,Female,15
Dionne Juszczak,Female,28
Quillan Corns,Male,29
Warden Hyde,Male,27
Raquel Cuddehy,Female,31
Susanna De Marchi,Female,34
Andra Cooling,Female,25
Clayton Aindrais,Male,26
Eben O'Reilly,Male,26
Lonnie Twigg,Male,19
Ellynn Boothroyd,Female,26
Leodora Kilfoyle,Female,35
Kakalina Caine,Female,16
Pammi Kift,Female,28
Mildrid Philipsson,Female,23
Jaye Mariel,Male,17
Neille Bunyard,Female,26
Hadlee Bellamy,Male,34
Devondra Laurie,Female,17
Carina Cane,Female,18
Abagail Ivie,Female,35
Tamma Estrella,Female,28
Brunhilde Jimeno,Female,23
Jorgan Prosser,Male,33
Fayre Beckles,Female,35
Alexi Cordingly,Female,20
Farlie Trodd,Male,28
Raddy Gabits,Male,29
Estrellita Antonignetti,Female,26
Lambert Peyzer,Male,34
,,28
Marge Brownscombe,Female,20
Amelia Sowten,Female,23
Lanie Barkess,Female,25
Hervey Henstone,Male,31
,,25
Waylan Menichini,Male,17
Audre Lumsdall,Female,31
Maddie Kynnd,Female,30
Griswold Stearn,Male,32
Yetta Havill,Female,16
,,16
Robena Ravenscraft,Female,33
Darline Whetland,Female,28
Bendicty Blasius,Male,24
Abramo Berecloth,Male,19
Ilene Joselevitz,Female,15
Gannon Stickford,Male,24
Donna Berka,Female,32
Tamas Willishire,Male,18
Danni Lohrensen,Female,29
Michaelina Padginton,Female,15
Lyndsey Overland,Female,35
Abramo Hug,Male,29
Elsworth Bateson,Male,24
Fredelia Bice,Female,25
Wylma Boerder,Female,30
Hew Buckham,Male,21
Meredith Sueter,Male,33
Tyne Stormont,Female,23
Janeva Bowler,Female,15
Grange Clineck,Male,34
Tremaine Paradise,Male,26
Moses Aicken,Male,31
Nanci Flook,Female,18
Berny Wilby,Female,35
Gaile Penas,Male,17
Vicki Nurcombe,Female,34
Malinde Winchurst,Female,15
Kelila Barwood,Female,24
Kara Beartup,Female,18
Leroi Tellenbach,Male,16
Bartolomeo Allcott,Male,16
Vin Greenrodd,Female,25
Randell Auden,Male,34
Tessi Polglaze,Female,23
Melania Thorold,Female,22
Laney Cowdery,Male,35
Kaja Vickors,Female,33
Loella Dayly,Female,20
Franky De L'Isle,Male,19
,,30
Jedidiah Stark,Male,16
Lavinie Prowse,Female,28
Cortney Minigo,Female,26
Maible Alasdair,Female,31
Karissa Bretelle,Female,31
,,30
Emmi Arstall,Female,27
Bernard Shooter,Male,29
Virgilio Neem,Male,21
Raf Martijn,Female,28
Nancey Boole,Female,26
Annaliese Lodin,Female,33
Gav McLenahan,Male,21
,,31
Lorilyn Burtwhistle,Female,27
Trefor Francomb,Male,33
Iseabal Crusham,Female,20
Free Grimditch,Male,35
Koressa Palumbo,Female,24
Taite Fiddyment,Male,18
Donnajean Seaman,Female,35
Cody Tillot,Female,19
Patience Doget,Female,19
Eddie Boreland,Male,21
Tessi Ewence,Female,27
Iseabal Gerritsma,Female,34
,,16
Fabien Volk,Male,17
Godwin Gaskarth,Male,32
Andres Le Blanc,Male,23
Layla Moretto,Female,17
Camellia Schanke,Female,28
Arabella Bess,Female,20
Verney Weatherby,Male,32
Francesco Barnewall,Male,15
Payton Rosbrough,Male,26
Milka Habgood,Female,28
Jessi Meaker,Female,20
Reidar Elsie,Male,24
Donn Frayne,Male,26
Randy Feldstern,Male,27
Cullin Astin,Male,24
Rickey Paxman,Male,18
Ase Gallamore,Male,16
D'arcy Leavesley,Male,29
Fleur Crasford,Female,23
Alyssa Morson,Female,26
Jermain MacPaik,Male,28
Jayson Ditchburn,Male,33
